google.name,google.id
RocketROI,7587357245
Demand Local Inc,4861376488
Points Group LLC,5717159788
Kenshoo,9647562956
"EM Search Consulting, LLC",7069106749
Bertina international,7844294615
Digilite Web Solutions,6987746243
"Vert Mobile, LLC",2999079413
Ovative/group,6672816627
New Jupiter Media,9900868836
Swanson Russell,6720478041
White Shark Media,8097682771
Top Floor Marketing,2634296249
LMS Solutions Inc,2680094633
LOOP New Media GmbH,3870132939
In Marketing We Trust,1470860498
Arizona Media Solutions,9013237180
Opal Infotech,5537291335
"VitalStorm, Inc.",8838521849
Strike Social,6711127900
Dealer e Process,9292366358
Perficient Digital,2400517193
Pixel Motion,9624534203
Beyond Media Global,7296365200
3Q Digital,2817442500
Netsmartz,3526727335
KlientBoost,6264287249
ParaGuru,5310953996
Coalition Technologies,4143660733
AdWordMarketer.com,6948515749
FMB Media,1561383896
Power,8241859541
Mindstream Interactive,9455455247
Masterworks,7536004762
Executive Systems d.b.a. Domain Methods,9975463800
iDigital Marketing LLC,2125562337
Hall Internet Marketing,6548910947
Click Here Publishing,8131901998
Socius Marketing,5408503949
Way To Blue,4685423235
Croud,3408634876
Net Natives,5386937249
Sales & Orders - Management Software for Shopping Ads,6678901264
Austin & Williams,7187246493
Dotsquares Ltd.,1734367649
Webvisionz,5969262737
NectarSpot Marketing and Design Company,7535556500
"Xtropy Web Marketing, LLC",9271200635
WaveCloud LLC,1549358368
Search Scientists.com,2811051456
moveyourmetal.com,3630433798
Turtlehut Internet Marketing,8222696812
KristinaCutura.com,9783271924
Archive Digital Inc.,1504185092
Rave Infosys,2092192349
Disruptive Advertising,5273243243
WebnWell,5299504400
Mediaforce,5551311345
Raise IT Solutions Ltd.,5482508796
Net Conversion,9077713149
adMind,4338540290
Netclues,5620987721
Gusarov Group,2885233149
Cornerstone Group of Companies,8343312400
BreezeMaxWeb,2331241794
Seed The Web Marketing,2765654049
ActiveConversion,7399316994
Pico Digital Marketing,8829042147
Sitting Pretty Marketing,5331741439
Hagadone Digital,8537908247
PPC Consultant Company,1082518043
Go Local Interactive,2628306182
PMX Agency,3863811877
Neo@Ogilvy,4055389048
ZOG Digital,3880945133
Ranking SEM,5940940898
"Futurism Technologies, INC",7192835583
Rocket Clicks,7921458102
First Page Advantage,3004586227
The Lion Roar,4619532498
TastyPlacement,3187991600
"SalesX, Inc.",4767916690
Net Driven,4531118958
Practical Business Systems,6995410200
MoreVisibility,3243859803
Virtual Graffiti,9964908837
V Digital Services (Voice Media Group),7353565895
DealerFire,7318639284
Dixon Schwabl,2900739800
Ferguson Advertising Inc.,5970866645
Compulse Integrated Marketing,8807370474
G5,6784600318
Force Marketing,1164032698
Marcel Digital,3555970286
Power Digital Marketing Inc.,5913842796
Pear Analytics,5077185343
Click Rain,2022598249
BoomTown,5043142962
High Seas Design House,2338730796
Alliance Franchise Brands - Marketing Resource Center,1919021347
Inside Market Strategy,1973003823
Wheeler Advertising,4936818800
"YPM, Inc.",4159107805
Think Shift,3866996996
Valpak - DMS,9823717643
FRWD Co.,9169852749
Sharper Selling LLC,9758546584
Sir Isaac,7958780172
"Global Cloud, Ltd.",6624223698
30 Lines,3948711194
Blue Tent Marketing,7005114033
ProspectaMarketing,6181781500
Relevantads Inc.,9519271117
Flint Group,7704057633
Big Footprint Digital,1663722876
IronFist Design,9901670790
AD men,1263023898
Revana Digital (formerly WebMetro),8851386213
Epic Web Studios,2439924533
Optimized Marketing,3499877952
Pannos Marketing,8213441241
Thinkspace,7503872696
Dawley and Associates,3661447100
"Internet Ad Pros, LLC",3325222200
"Appliance Repair Marketing, LLC.",7086511421
PBHS,1696161349
storEDGE,9929805380
Audigy Group,6701494049
XL Digital Partners,2778577992
Mudd Advertising,1017959798
ISEA Media,4527559341
Huebner Marketing,8227319396
SilverTech,3937261598
XL Digital Partners,2778577992
Front Man Marketing,6704430449
Pink Iguana Services,8224878543
Zuri Group,9385190645
YourPPCPro,7610244143
Dot Com Media Internet Exposure,2488435186
Mockingbird Marketing,4915926384
NetCrafter Solutions,2393301498
Single Throw Internet Marketing,8553532165
SEO Bandwagon,5359734174
Lemonade Stand,2158837755
Access Marketing Company,1231397782
"ROI Revolution, Inc.",4483763951
WebAct,9423948289
VickeryHill.com,9583263833
PICS International Corporation,8311451750
StubGroup Advertising,7539329845
KoMarketing,9960781800
Ivie,1220301878
SmartTouch Interactive,7563207837
GravityFree,4731127049
"TravelCLICK, Inc.",6295699637
Swell Media,3094048549
Nice Ads,5998801692
Northwoods Web Solutions,5386750000
Search Discovery,5295293196
Click Convert,5896213993
Cramer-Krasselt,2888663205
Horizon PPC LLC,8916511878
wommster.com,3183560047
Netbiz,2772174654
Ayima,1523627749
Sabre Hospitality Solutions,6976177489
Pepper Gang,7178897849
atmosol,9371146047
Live PPC Ads,1951212992
KELLYBRADY,2168708031
Silverback Strategies,9544516592
"RYNO Strategic Solutions, LLC",6365281443
Worldmedia Interactive,6388606200
Titan Growth,7010750408
Forward 3D,1593999215
Live Deftsoft Informatics Pvt. Ltd.,4235304786
ptarmigan media,9503211231
Kong Digital,2013130841
TopRank Marketing,8171757600
Createve Consultant,7886804798
eBrandz Solutions,2771197745
Zvoo,6441714849
Sweans Technologies Inc,2250080831
Funnel Science,9894124100
Anuva Technologies,2654625027
Capital Numbers Infotech Pvt Ltd,7716899300
Brandhill,8645258494
Keypath Education,8365327362
Tangence Inc.,3111712343
ROI MANTRA Inc.,3784077976
Blue Mint Marketing,8701445398
Meticulosity,5039865164
gramercy global media,3007062071
Boundify,5152226678
Xuguz - Creative Brains,7145552449
Inmode Interactive,8779634970
Prove,4834220698
Cyrek Digital LLC,1585391449
Creatuity Corp.,9611398423
Zingable.com,7090673449
"Blue Lynx Marketing, Inc.",6630036919
Wezom Integrated Digital Solutions Agency,1137985269
Hashmeta Pte Ltd,2971699492
Reklam5 Digital Agency,8381304972
Bisk Education,1466603900
Brunner,6511154800
R2C Group,2312270096
Statwax,4447153047
Blast Analytics & Marketing,3800361993
Wpromote,7538303760
Commerce Pundit,6326499211
January Digital,1187947572
Big Leap,2931173388
Awesomeness,6390563800
LiveArea - The PFS Agency,5964864284
WordStream,2833903363
Adlucent,4083346792
Raidious,3681634023
Rank Crankers,1937616656
MBT Marketing Communications,1305402629
Evolve Digital Labs,1575498476
LunaMetrics,9644414719
Star Tribune Media Company,5391347996
Scoppechio,5405746286
The Richards Group,8741301000
Surefire Local,8872516945
Social SEO,5103446500
Geotelecom,4520247185
SIM Partners,7210252549
Flying Point Digital,1384003581
"NetElixir, Inc.",1430663498
Lever Interactive,7374684333
Chumney & Associates,9326456024
Spectrum Communications and Consulting,9352999000
"Wiideman Consulting Group, Inc.",5642507136
Becker Media,2443923900
David Wood & Associate,2813539594
Max Connect Marketing,6253333200
Dygen,6543500594
Search Laboratory Inc.,4483634390
Weber Advertising & Marketing,4493930231
Common Thread Collective,3369984096
PMG,6661992139
DealerOn,3861336033
Seer Interactive,3982210743
"ingauge digital, by inticeÂ®",7126037919
Advance Digital,9277285272
Adpearance,2538395598
Power Equipment Direct,8106915645
Elevated.com,6369408480
Adcellerant,4093159380
Sidecar,2830448719
Single Grain,8770225250
Velox Media,5669710211
"fusionZONE Automotive, Inc.",1912632194
The Reference,4998948486
Sokal Media Group,9379801098
Prometheus Internet Marketing,3519900323
Leapfrog Online,8655246037
SmartReach Digital,5614349849
LeadsNearby,6220824745
Hawke Media,8349185200
Online Marketing Giant,2545588596
EverEffect - Digital Marketing Company,4481960500
Linkmedia 360,5709921396
Strong Automotive Merchandising,1233213527
Target Media Partners,4897057768
"Omnitail, LLC",3243849400
Trickey Jennus,5084816200
Davis PPC Consulting,9494015239
Blue Corona,4021182115
TribalVision,1300142643
Search Revolutions,7757933245
Boston Web Marketing,6917161049
"Nash-Keller Media, LLC",2524729280
"MatchCraft, Inc.",6209868805
The Karcher Group,8458151649
Starkey Hearing Technologies,7766105043
NetConnect Web,5263422143
Delphic Digital,1862221629
Mass Media Marketing,4265255121
ISC Partners LLC,7577040598
Expert Internet Marketing,2733569268
Simplemachine,5388707600
Media Giant Design,5420261843
Team SI,1245064100
Raka,3960173084
Advantix Digital,7620361247
Greenville SEO,2370414600
Enventys Partners,2404596945
Path Interactive,5176894330
The Archer Group,7863066770
Outer Banks Media,5279056464
"Rise Interactive, Inc.",5796846404
SeQuel-Response,4228335919
Position2,5988423575
Primacy,2277236621
Nehmedia,3855829219
Americaneagle.com,4720173000
"Site-Seeker, Inc.",9192834217
Colle McVoy,1770990847
Adpro 360,9814863049
Be Found Online,6517934527
www.optmyzr.com,8708496541
Optidge,5245639191
Star Performance Marketing,4018447149
Naked Lime,9042256000
"C-4 Analytics, LLC",1415027286
Dealer Spike,1681869923
Kyle Reeves Consulting,5476932000
ThomasARTS,7258633641
Crossmedia,5013274903
Cox Media Group,6846329027
Search Optics,8150273176
Cloud [8] Sixteen,8985102590
Labelium USA,6290593800
Studio III Marketing,1108483196
Varident,9802150943
Screen Pilot LLC,8225090380
The Zimmerman Agency,1515809643
Periscope,3186529547
PowerChord,4791087298
Foundations Recovery Network,8705041897
Marketing 360Â® - Madwire,3076738447
Equator,2652184174
"Yardi Systems, Inc.",7293737098
Media Cause,6821566805
"Hive Digital, Inc.",5822978000
Determined,3423446437
Goodway Group,3041943288
Hodges Advertising Inc,4265314700
Elite SEM,4010168487
Fox Dealer Interactive,7039333260
Lunar Logic,7831158835
Barkley REI,1035942293
WebMechanix,7745599419
Hirons,4337845200
"Blue Moon Digital, Inc.",4339364941
Appareo,5790502645
SearchLogic,8064135937
Drake Cooper,2994598684
"1-2-1 Marketing, Inc.",4999386345
Find Local Company,2931315243
DealerWebb Services,2285126600
CMI Media LLC,7307331543
Digital4Startups Inc.,8860584096
"Media Works, Ltd.",6085056198
Rentping,2698513096
"Jumpem, LLC.",7831029274
OH Partners,5834084307
Point & Click LLC,4829964100
3GEngagement,5850946147
Gruen Agency,8281406845
Exclusive Concepts,2697086034
The DMS Group,9613923443
E-Power Marketing,7658660226
ThriveHive,1309410508
Digital Brand Expressions,1285756647
Strategic Marketing Inc.,5103987441
L2TMedia LLC,9030676843
"JumpFly, Inc.",3627014145
"Zero Company Performance Marketing, Inc.",5919643723
Right Idea Media & Creative,6422447147
2 the Top Web Design & Marketing,6112507992
Stream Companies,4944671897
Burlington Bytes,7287451027
PBJ Marketing,3192295483
Gol Marketing,5218176994
MARC USA,4245551451
"Delegator, LLC.",3754115347
Morris Publishing Group,2686084700
Creative Town Marketing,9698868154
The HomeSlice Group,8270748800
"Design Chateau, Inc.",2851096198
Converge Consulting,5312697868
"Hanapin Marketing, LLC",3818591316
Relay Paid Media,2753237947
Clixo,4684668566
Lukens Consulting,4909969417
iDimension,5131897900
Davidson Belluso,8239418688
Tre Kronor Media,7630926613
Integrous Marketing,1610248241
RevUnit,4947597894
TopSpot Internet Marketing,4896786352
Lift Conversions,6850998896
Method Savvy,9546157382
Mightily,1894082279
BTP Digital Group,4259454194
Bullseye Strategy,9568618715
PureCars,2866306845
Bonfire Marketing,1513323396
Cause Inspired Media,7825582039
"Sellpoints, Inc.",8038937747
Agreed Technologies,1148976200
Mica Specialties,5257691198
Davis Advertising,1126842080
Empower MediaMarketing,9572474336
Agency Entourage,4412543246
Mainstreethost,1960869540
ANDERSON Advertising & PR,1794173749
Mr. Pipeline,2953706594
Saxton Horne Communications,8921027598
LSEO,7524768894
Malone Media Group,9655911600
MLive Media Group,2110976798
AVB Marketing,4690658633
Amplified Digital Agency,4741468284
Ice Nine Online,6471453347
Resolution Media - Latam,8364796824
GuideWell Connect,4572650341
Booyah Online Advertising,3891769621
Exact Click Digital,1373002247
Turn The Page Online Marketing,5179028776
Gravitational Marketing,1737304049
www.bidkicker.com,8387732898
Wayne West,2649531484
Mad Fish Digital,2832665441
GoToMyApartment,1544865345
Ntooitive Digital,2041053594
"Bell Media, LLC",1034291100
Rothman PPC,9053234637
Plaza Digital,5133184998
Grupo MedLegal,1780283300
Big Marlin Group,6945437494
St. John & Partners,8217981549
Remora Inc.,1216528533
Beyond Indigo Pets,9606234898
Vermilion,3181600556
Savy Agency,8962016149
Bonsai Media Group,9551863739
Sage Consulting Group,5049700449
HubSpot,9232903547
Epsilon Local,5005954235
ParaCore,2268511588
Driven Local,7657858272
90octane,2204765700
Active Web Group,2880680547
EKG Marketing,7129903943
BG Digital Group,7094755092
St. Louis Digital Media,2380813523
TurnKey Marketing,4246883943
HawkSEM,9021184847
Adfix Online,9910632248
Lazworld.com Inc.,4336570396
Click Control Marketing,6960448598
GameDay Productions,9930560049
Pure Visibility,2462422748
YDOP,1737785411
Charles Ryan Associates,4981934388
Motivated Marketing,8526329090
Insight Marketing Design,8929682649
Coalmarch Productions,1009304747
Infront Webworks,6417069894
VML,8039856968
Consultwebs.com Inc.,9384540949
"ACS, Inc. - Web Design & SEO",1485812023
DEG,8923139347
DASH TWO,9807102631
Marketing by Data,2837205749
Powersports Marketing,3408906292
Verse Pro,6388628897
RIESTER,1859568939
BusinessOnline,2539728090
SS Digital Media LLC,5406063096
"Anvil Media, Inc.",2989492847
MayoSeitz Media,7055794123
Stanton Street,1214087680
Tentacle,2109183750
Kahuna Marketing,7346504349
Lawrence & Schiller,7549446949
Giovatto Advertising,6474093743
M16 Marketing,5138112098
Mid-West Digital Marketing,1375443100
Dealer Inspire & Launch Digital Marketing (LDM),6514432598
"BG, Inc.",4507950241
DAS Group,1649125043
Kelly & Co Advertising Agency,5018345749
"WebStrategies, Inc.",7912944906
Press1toTalk.com LLC,9864881149
Orange142,4336701848
Jackson Marketing Services,1999522211
StratoCentric,9064472396
Kennedy Communications,5081879800
Obility,3507648773
Maintain Digital,5773971800
411 Locals,1722161493
Raycom Digital,2282872996
Opportunity Max - A Maritz Company,1561608027
Marketing Mojo,6436773564
LeaseLabs,5090876249
Direct Online Marketing,7773686724
eMarketing Concepts,3212046438
DragonSearch,6356225415
Miles,3626530892
Apartment SEO,1512673700
Voltage Media,4602162817
CDR Fundraising Group,1468902898
Bat City Digital,1247328107
Vitruvian (formerly The PPC Agency),3290106449
Digital Impulse,7080556345
Edge Multimedia,8097954187
"Serino Coyne, LLC",1289706838
Flexsin Technologies,6949021699
Rally Marketing,4500720361
InteractRV,1395901439
Logical Media Group,5414718147
Mansfield Marketing,7596931517
Burnett Advertising,2502467490
"OuterBox Solutions, Inc.",8198713847
Wyse Advertising,9308062149
Earnworthy,8334694231
evok advertising,3767181145
Optimal Targeting,6248167784
"db&m Media, Inc.",5630693445
ONeil Interactive,8330400751
BH Digital Marketing Services,1624422400
Firm Media,5550486694
Clicks Geek Inc.,2166680449
West County Net,6819940200
TurkReno Incorporated,5755341500
HigherVisibility,5461624892
"Digital Fire (CB Marketing Group, LLC)",9705896600
Heaviside Group,7043437600
ProSites Inc.,4210402600
Nebo Agency,7493083199
Envisionit Agency,9292214100
Boost Locally,6629755100
Shoreline Media Marketing,5074390798
Over The Top,1640021730
KW2,1590439598
COHN Marketing,5579445935
Arvig,4493706100
Civilian,6647406600
Fancy Awesome,7869823800
Buzzbizz Creative,8721691900
RCP Marketing,9176550200
Visiture,1135273000
Digital River MarketForce,4511721695
Biondo Creative,2059342496
Brawn Media,1193088400
Sevenatoms Inc.,4990719000
Zion & Zion,5575142052
WebMarkets,7817268386
Appcoach,8094653692
Smart 1 Marketing,3996773585
Media Solstice,4415656492
Intertwine Interactive,9205168043
emagine,6125111343
Brockett Creative Group,9647906245
"Mad Genius, Inc.",2593912000
AGI Marketing,1345221349
Spherexx.com,4223501498
Cerebro Marketing LLC,8139886547
"Tandem Interactive, Inc",4655908868
Ariadna SAS,5382197398
Merkle SEM,8879343957
"Agency501, Inc.",4676768184
Smart Street Media,2654567339
WRAL Digital Solutions,5524192437
Fresh Interactive,8541011090
American Creative Inc,1483430749
Panorama Marketing & Media,1532932496
All Web Promotion,4052288096
AltaVista Strategic Partners,7753051539
"Norbella, Inc.",3783524741
Waypost Marketing,2449829800
Upsource,9506513617
"S.D. Professionals, LLC",5788285923
El Toro Interative,2120939753
"City Ranked Media, Inc.",1652544696
BigHouse Marketing,2533160200
WHIPSAW Media,3938735945
Kiosk,2423593231
ConsumerAffairs,7670983649
Web and SEM,6143883498
12 Adaptive Marketing,1140167000
Gatorworks,7827385490
Greenlane Search Marketing,5728243398
Trone Brand Energy,4475203470
COCG./,9410765224
idfive,8406774578
Stone Ward,9983635598
James Publishing & Attorney Marketing,1937310249
Conversion Path,9759005249
Triton Commerce,8220480090
RoxxiStudios Design & Marketing LLC,6540893298
Local Search Group,8175389090
Cassandra Bryan Design,7948568498
DiPietro Marketing Group LLC,2407085083
Ascedia,9682312721
eBizAutos,6401445976
Lungfish Communications,7484512315
Carnegie Communication,2082371249
OneIMS - Integrated Marketing Solutions,6825516996
Greystone Technology,1782428149
Krush Digital,4821121800
J Miller Marketing,1070256090
Organik SEO,4625746696
"Garrow Media, LLC",7667267992
PPC Professionals,2693230413
405 Ads,9762190368
561 Media,2241014400
Progressive Dental,8466027443
Upward Brand Interactions,3335551141
Fabcom,9984176539
inSegment,8978487415
Liquidus,2169958247
Fence Talk Digital,6368997100
The MediaBeast Marketing Group,7912969494
Pixability,6794328739
Digital Canvas,4449464339
ENX2 Marketing,6174259398
Eventige Media Group,9536710780
CLEARLINK,4064669207
The Finance Marketing Group,9189461849
The Clix Group,2183423131
Marquette Group,5279940694
Sparxoo,7026127498
"Justia, Inc.",4778671196
Teknicks,4208007141
2K Web Group,3616060096
OVC Lawyer Marketing,2049213098
Vertical Nerve,3483723496
EVR Advertising,8246527519
U-Thrive Marketing,1830455549
Scorpion,7286153526
Big Mouth Marketing,3707704149
The Search Agency,7729880931
Jellyfish Online Marketing,3769634292
Situation Interactive,9334438682
Optimedia US,6073948000
Anchor Wave Internet Solutions,3308300781
Marketible,8946168100
Motava,5141402190
"Flagstone Search Marketing, LLC",3462794198
Hudson Creative,5434822794
i4 Solutions,3188086170
Prairie Mountain Media,9179486600
Action Integrated Marketing,3836125549
Wilson Monnig,9288286606
Philly Marketing Labs,9802928309
Ten Golden Rules,2235482998
Sage Island,8925590603
Pittsburgh Post-Gazette,8234748819
KME Internet Marketing,2228030878
Parallel Path,2580066945
Aristotle Inc.,1835902784
WebToMed LLC,8845373449
Sightly Enterprises,1609847264
LAD Solutions,5709471243
Prime Visibility,4675341122
Webrageous Studios,7591118296
Green Banana SEO,4475758596
Digital Position,1285310276
Digital Globe Services Inc,5914986148
Curious Jane,5678895800
Mediagistic,1670420327
PPC Consulting.com,4859714892
Amplify media + marketing,2736010121
Page One Web Solutions,6246481600
Performance Driven Marketing,5496245096
Chicago Style SEO,3232103800
Serendipt Consulting LLC,9565153668
GeniusClick.com,9708066037
Forward Digital,5334324147
SmartEtailing,3338699378
Firmidable,9407581996
Big Voodoo Interactive,8270135986
Vivial,3335456571
Spot On Solutions,4302928992
Consistent Conversion,4270903790
iQuarius Media,6776664945
Vladimir Jones,9844021833
Vision Design Group,9173708370
MGH,5161058575
i76 Solutions,7863951000
GMR Web Team,2501476396
OOMDO,8657639605
Marcus Thomas LLC,2183293570
Marketing By Click,2649696036
Aspiro Agency,5275980100
"Xcite Media Group, LLC",4203655973
Marketing Type Guys,3595955449
Savvy Dealer,4485238298
Dealer World,2142672896
McCord Web Services LLC,5224249337
51 Blocks,8927725049
BuzzShift,6099288045
Chemistry Communications,4981508823
Momentum,4190838894
AboveNation Media,2021631743
Catalyst,9251038300
Lewis Media Partners,5029122952
Love and Science,7680804749
TSL Marketing,2031902996
Vizergy,8459624105
Southern Web,7633143335
US Interactive Media,6793703631
Tyler D. Perez Consulting & Services,5553564949
YP,7212975221
Clicktoast - PPC Engineering,2180570898
Hibu US,8634033029
The Web Guys,1946119449
Gap Up Internet Marketing,6424746145
Boomtown Internet Group,4099548533
CF Search Marketing,1460247847
Louvre Media,8656991800
Kinetic Sequence,1084771647
Sole Graphics,5123738396
Graphica,4823266649
PatientPop,8323386490
"Darcy Knapp Consulting, Inc",9837749947
ChocolateSEO,3141179425
Online Optimism,2751434496
Grain Group,5214002672
LQ Digital,8687766786
Perfect Search Media,8742668483
Tech-Critic,1512897831
Autoshop Solutions,3203792364
Clariture,5058084084
HometownLocal,8948621247
GriffinWink,3665407694
"Sebo Marketing, Inc",7419904894
AUGURIAN,4163541249
EcomDrs,5047979274
Clickit Digital,1142996536
The Idea Center,3736463847
Foster Ideas,7655972545
StrataBlue,6990187096
Accelerate Now,2288063000
Curiosity Advertising,1302879500
Compass Media LLC,6871716357
El Clasificado,5407350194
Active Marketing,8398390943
OpenMoves Inc,2348068643
KSA&D,8160898121
Superior Fence and Rail,9927319133
Marketing Apes,4951017547
BrainDo,7675947631
The Dealio,3970785735
Follow Per Click,3466425688
iBec Creative,4227416698
TOMIS,3152205347
Caterpillar Inc.,3726782711
Graham Oleson,9057515823
Bulletproof Search,4805368321
Brian Torpie,1256867388
Milestone SEO,4421870690
Lee Enterprises,6123933000
Ayzenberg Group,2268711131
Practis Inc.,8333986847
Atlanta Marketing Minds,9940348049
Today's Business,5527704769
Digital Strike - Targeted Marketing,4046723594
Trighton Interactive,3192342768
Pac and Copy Plus,1420087729
"AIS Media, Inc.",7033957898
MXS Solutions (PPC Town),9958153698
True Media,5103716025
Networtech Consulting Group,6272942300
Digital Reach Agency,2744087349
THAT Agency,5640018998
Make Search Work,2241993200
SEO Arbiter,9160856300
Alameda Internet Marketing,6481239456
The Ostler Group,4375459492
Oswego Creative,6857354949
iProspect - US,9435504749
Nifty Marketing,9135232545
"Bonalt IT Consulting, LLC",7034782549
Sunbay Marketing,1208782300
99 Robots,8992237900
Proceed Innovative LLC,2760996474
Georgia Local Marketing,9771575500
Go Seo Local,5263775835
NItroGo Marketing LLC,2435114700
Ionic Media,8377790749
ZATO,7944982402
Brown Parker & DeMarinis Advertising,5091217647
Borgmeyer Marketing Group,6578248468
3 Seed Marketing and Design Studio,6941180896
Bader Rutter,2820685307
BPIZZY LLC,4382498341
SimplePart,7489982247
Clark County Graphics,5559637292
Vivid Image,6950319200
iMatrix,3618276818
WorkWave Marketing,1417126741
Milo Detroit,4155864998
R2integrated,7511548947
LIFT,2796525496
Happy Hour Media Group,7656480386
Rakuten Marketing,9193895293
PIN Business Network,4350993274
VisionPoint Marketing,9397452598
Make Me Visible,3846125386
Three21,3234215549
Mason Digital Marketing,3323971984
Garvey Communication Associates Inc. (GCAi),5909172927
Mad Men Marketing,3424400649
WebiMax,1667755343
AdVision,9126931186
Long Island Media,4366391170
Wheelhouse DMG,8989005496
Progressus Media,3106618800
Potenza- Strategic Interactive Marketing Firm,2854857249
PardonMyFrench - Eric Frenchman LLC,3766356494
beMarketing,4117637892
LocalDirective,2969883747
"Web Solutions, Inc.",1710689200
"Aday Interactive, Inc.",3624715147
Brandify,1831598901
Globe Runner,5150894186
OMG Commerce,6762587247
SocialHi5,7833729249
Comporium Media Services,8371401596
Fuel Marketing,9608957570
Foremost Media,9843127200
"Bucket Media, Inc.",7696311400
Entrata,4502984368
Luminate Marketing Inc.,3290898000
National Positions,5926129337
The Skylark Agency,5306555543
Search2Opt,3663462388
CPC Strategy,9413783900
The Advisory Board Company,2340192849
FlowFound,5498852392
Ruth Burke and Associates,6223265598
Cuneo Advertising,1179880747
OnMedia,8055269049
ROAR! Internet Marketing,8754648617
TopFire Media,6232757594
MODCo Media,2736411098
Thrively Digital,9507243698
Centro,3390216413
Teamwork Solutions Group,9399576641
Tower33 Digital,5461295788
42connect,3776969145
GWL Advertising,8032889992
215 Marketing,5114353264
JXT Group,4401270496
"TIG ADVERTISING, INC.",7694388791
360 PSG,3947956525
Element,3725980757
"Hanna & Associates, Inc",7176611145
Slamdot,7686194296
Resolute Digital,4985317159
DOM360,5627107349
IDMLOCO,4242923349
FCB Health,1379866141
Brave One Agency,5941033577
DL Media,8089475982
Dominion Enterprises,4530057882
Front Porch Solutions,3156603800
How to Write & Publish Books of Blues. Hopefully.,8623504545
"Farmore Marketing, Inc.",9804096249
Human Element Inc,7721143604
JumpSIX Digital Marketing,3068379400
Response FX,8810965082
WME Training,4976049294
ClickSpring,8596443325
My Favorite Web Designs,6582069098
Amplus Agency,9791879690
Ad Hoc Marketing,4191675839
Charles River Interactive,7364838645
"Shanee Kirk Marketing, LLC",3538483338
Relic,2701262247
Blue Sky Marketing,4520872293
"Synergy Networks, Inc.",1771556376
Gragg Advertising,7599773347
SmartBox Web Marketing,7928334290
Checkoff LLC,3887430747
Cyberlicious,6969928300
Big River Advertising,5854519949
270net Technologies,9868041680
Suite 4,4133851927
Whitehardt,9374565700
JAY Advertising,8216023949
Element Three,5090051598
Proclaim Interactive,5658532031
Healthcare Success,4241471699
"Pangborn Marketing, LLC",6259701547
Scoompy Inc.,4547663988
Digital Target Marketing,4514433964
PPC-Strategies,8041236745
"Accountable Digital, LLC",2728109739
martinmiller,5415649662
Level Agency,9862440296
My Good Profile,7525887658
Dex Media,8362438247
Practice Cafe,4148001498
Lessing-Flynn Advertising,8744391549
SullivanPerkins,2118498900
Redstone,5405096590
SoCalWizards,8056813378
RLC Media,5662223100
Radd Interactive,7007497198
Supplemental Oxygen Digital,8088285345
Enliven Group LLC,7436532200
us digital partners,4419335267
"Cobalt, An ADP Company",9654307692
"Local Leads Leader, LLC",3765519549
Swim Creative,9890716741
Next Ad Agency,3962778489
The Symphony Agency,4394243941
Metric PPC,4686827600
YPC Media,3583693496
SCUBE Marketing,5682669145
DIGI SEARCH,1724591943
agis internet marketing,5672905733
ProLaw Marketing,8575629403
Holony Media,7610044600
Local Value Marketing,6383298929
AdLift,3300093992
Cyberset,9572922598
AV Web Designs,5929407135
Cohlab - Digital Marketing,7557524177
Atilus,3353698188
Efferent Media,4030745984
A Brave New,4900053747
Tangible Media Inc,8586443488
Pure Digital,8653584441
ByteLaunch,3663674225
Risdall Marketing Group,1754517690
Commit Agency,7140469309
Optikal Inc.,7251936190
Hanson Inc.,3379663341
"323 Ventures, Inc.",4058019041
Clean Cut Marketing,2125220939
CS Design Studios,7207162000
NewFire Media,2028471049
SummitMedia Digital,2082217100
Inseev Interactive,5689662600
Ad Leverage,6695304439
MobileHippo,5681832200
Happy Medium,9094846405
2A Marketing,4292766494
Web Marketing Squad,8588376500
Elite Digital Marketing,9603298498
ClearBridge Media Consulting,4262768874
Ironistic,9505923500
Laughlin Constable,1342780496
Lewis Communications,7431638200
Off Madison Ave,4153236896
Blue Wheel Media,9111520996
"Salted Stone, Inc.",3942013743
IMM,9690873202
Travel Tripper,6356367270
Gravity Media,2020311545
Miller Advertising Agency,5101488900
Guardian Owl Digital Boutique,8444261200
Site Traffic Control,8783455600
Titan Web Marketing Solutions,3433055700
Yeoman Technology Group,5707821941
"ROI Digital Media, LLC",7025302847
eWebResults,1935352649
Ready Set Rocket,9893464001
Blackdog Advertising,8961224598
Two Wheels Marketing,4084467447
Mason Digital,6906702547
Hileman Group,6819173237
Easyfish Marketing,2097581896
Mondo Mediaworks,6319236231
Trumpet Advertising,8799953345
Adworkshop,2769781086
Kelly Scott Madison,5640810549
"Right Coast Marketing, LLC",4063914538
Back40 Design,9532384200
WebbMason Marketing,3303667794
Dealer Relevance,4284099149
"davidshapiro.net, Inc.",4636205198
Atypic,1385029666
Intriguing Media,4785851900
Crosby Marketing,8196272994
Two Oceans Digital,9258642678
Immerge Marketing,7100660992
Klunk & Millan Advertising,5291260729
PCG Companies,6463174685
GWP Inc.,3357271990
Connelly Partners,3616084684
Zeekee,2845531696
"Straight North, LLC",5165892996
VIVIDSITES,5265166015
D3Corp,7051455249
Electric Lemonade,3255782249
Oozle Media,8659148943
Digital Caffeine,4294368511
DemandWave,4350012583
DAGMAR Marketing,3398741903
LMD,2541451156
Ethoseo Internet Marketing,5218259270
webWAH! LLC,8898835790
"Virtual Vision Computing, LLC",3024125345
Ceatus Media Group,9011446023
360 Internet Strategy LLC,5165940281
Merging Global Technologies,7553362149
Beyond Spots & Dots,5708539728
Bob Abbate Marketing,2239056800
Red 3 Media Inc,2965980841
"Site Strategics, Inc",1112727500
Gladiator Law Marketing,5583786700
GNGF,7035335784
Collegis Education,7572487996
Proper VillainsÂ®,9226051947
atlrg,4016489549
Odd Dog Media,2153485090
Thomas Creek Concepts,9445338143
Brothers & Company,7855945645
Eastmoor Digital,6600524443
"The Geisheker Group, Inc.",7230910431
Local Management,9944627344
Blackstone Media,8521801076
Trinity Insight,7283949098
CommonMind LLC,5623558135
Effective Web Solutions,6543722834
Company 119,3157817134
PlanetGuide.com,3297605854
xclntdesign,2858005486
NDG Communications,7738620149
"Bradford SEO, LLC",6637289496
Advernation LLC,7680274211
Digett,7725270641
Donovan Digital Solutions LLC,9033413700
Spark451,8179588000
LEAP Agency,2129193827
"PPC Buyers, Inc.",5722337498
In The Tidepool,8353441798
Levy Online,7382632000
Community Boost,9994801484
Impel Digital,2985365810
Spark Growth,1935506798
Rev365,7869977949
Blueprint,4602730237
Realnets,4780970194
Wray Ward,4856578949
Sage Marketing Group,7512303616
Amplio Digital,2294499438
Inspree Inc,2160748070
Rooks Advertising,5751284445
Serious SEM,8892220615
"Internet Inspirations, Inc.",4753672549
iCrossing,2009910731
GCommerce Solutions,7551712847
Lumia Agency,7076937149
"Geonetric, Inc.",7052775447
Boelter+Lincoln,1803641157
Miles Technologies,2503433996
Partners In Local Search LLC.,7140528888
Precision Legal Marketing,9981548437
Morey Publishing,6806203900
Kukui,4446585627
Top Position Web Design,7918830000
"Map and Story, Inc",4687323147
"DISC, Inc.",6291572600
Acara Partners,8327135247
BlueStar Group,7055970969
Results Repeat,6514457186
WEBITMD,4272353549
"Digital Standout, Inc.",7768358647
Market Vantage LLC,6523087649
DelMain Analytics,4874230449
iFrog Digital Marketing,1182346188
Idea Marketing Group,3084073300
Raxxar Digital Marketing,9813670521
Vela Strategic Marketing & PR,1474646137
ServicersWeb,6976849882
"Runyon Saltzman, Inc.",2138911845
JBR Marketing,2166962268
Sheaf Media Group,8260960800
Acumen Studio,9073952098
Publicis Health Media,1619256984
Sanky Communications,4630003294
Creating Results,3597512072
"Cybear Interactive, a Watauga Group Company",7541770698
BigWing Interactive,4353255390
"PriMedia, Inc.",5421228349
Lucid Agency,8063782245
Penna Powers,8203394119
Millennium Marketing Solutions,5819262343
Acronym Media,7521040943
SEM Antics,3193039749
The Public Relations and Marketing Group (PRMG),1960445866
Triangle Direct Media,5019630956
"The Possible Zone, LLC",3932556738
Traffic Builders Digital Marketing,4228749190
Love & Company,6446808392
Top Floor,6809633956
Eight Oh Two,5085852688
"Studio C5, LLC",2651123098
Eruptr LLC,4999078047
BigWheel,6067250549
Keywordguys,1711184747
U.S. Digital Sciences Corp,2673481349
Fat Guy Media,2193363389
"recessionRebirth, Inc.",2587967327
TERALEADS,5379756545
Baer Performance Marketing,9193377049
Local Surge Media,3044217698
Project Web SEO,4916113633
Amplified Metrics,1497545329
tdg | marketing & public relations,6322456341
"Intermark Group, Inc.",8581833198
BlinkJar Media,9354897021
Ai Media Group,8332570188
Zastrow Consulting,5253434600
StraightForward Interactive,3688483732
Dijital Farm,2119477700
Heritage Broadcasting Group,8167017749
Jade Orchard,8229276996
periscopeUP,7564092067
Cleverly,1616108747
Square 2 Marketing,3688744745
Whole Whale,6527085125
RETAIL REINVENTED,3598089895
Real Geeks,3601639109
ZAG Interactive,9420129550
Klee Young Marketing,6447468491
Cayenne Creative,6518855639
WebMO,6493020047
DemandQuest,5973873027
PAR ,8748966848
AdTactics Marketing International Limited,9144878690
LNP Media Group,4610065090
Blue Traffic,5921023500
The FORT Group,7354721541
Mirus Research,1791732896
UpClicks Media,1357886170
Impact Advertising,4923506174
Ker Communications,3003878843
Cazarin Interactive,3356280896
Bandy Carroll Hellige,8162915300
AADS Marketing & Printing,1515126847
"Ramsey MediaWorks, LLC",1398142749
Make & Model Marketing,4948081147
Warrior Custom Golf,4940121186
LaneTerralever,8577447039
Go Fish Digital,3512779198
Point It,9426117726
TokaySEO,4193008331
WrightIMC,6973206098
McCulloch+Company,7657434598
247Techies,2871624519
MedTouch,3597287941
Cyberpsychology And Marketing LLC,6215447492
Briscoweb,2886765184
Rawle Murdy,1747125149
Influence Health,8466993949
Get Found Fast,4548476345
Element-360,3707220896
DriveResults.com,3113328545
Viral Marketing Inc.,4185640378
"atCommunications, LLC",7912957200
Red Letter Communications,5836868449
In Focus Advertising,5242891931
Blackbird Digital,5676267698
Manning Agency,3682588235
"SharpNET Solutions, Inc.",3403966898
Tom&Co.,3342826415
Oneupweb,5490030898
"Charles Ave Marketing, LLC",5001518900
Madden Media,5190879349
Rabell Creative,6972852406
"Hop2TheTop, LLC",1586370249
GoProSEO.com,9175242296
Fluid Advertising,7631765449
Farfetched Studios LLC,9573901398
3D Digital,6367535047
Political Consulting,3741016449
The Kool Source,5571062300
Evoke Strategy,5772014200
AdShark Marketing,9157506629
Wilder2,6181935649
Increase Your Profits,4505509388
Phelps Agency,2167575082
Big Cat Advertising,2973303400
Digital Marketing Juice,2472529449
515 Creative,8392472749
Mogo Interactive,2047006779
TCS Digital Marketing,1247021700
Odds On Promotions,2198245095
Hedges & Company,7985674949
Smart Link Solutions,4621560080
Pistonbroke,7156165100
IniQuest Marketing,7250449549
Trainor Associates,7981325672
Geometry Global North America,8182004265
Cobblestone Media Group,9740882790
Ecreativeworks,6937572103
DAYTA Marketing,5725625699
Burke Business Development Services,4905796986
FiveFifty,8521718800
The Tombras Group,4576257243
829 Studios,2794366462
Everett Andrew Marketing,5836926137
Riverside Partners Advertising,2736896242
LJ Creates,7534731849
LinkCaffeine,4078066000
Boost Local,2115870798
Prodigal Solutions,9097971945
All Media Design Group,7312213249
Roar Media,4209611049
The Mauldin Group Web Design + Internet Marketing,1327723998
"Rentbot, LLC",8390044190
InterCoastal Net Designs,1769292369
Acuitive Digital,1360444290
LocalBizNOW,6593023147
High Level Marketing,2020453400
"Acumium, LLC",5474406980
Corporate Conversions,3284200549
Reimagine Main Street,2314073547
Search Engine Projects,2883616947
"Sentient Interactive, LLC",3476908778
Enginepoint Marketing,5649806998
Business Promotion,2158850049
Dark Blu Media,6278344141
Cool Nerds Marketing,5635928843
Radio Vision,8909884409
Clicks and Clients Inc,7392420000
MedThink Communications,7055440431
Virginia Creative Group,3256761049
A&A Group,8791615104
"Curtis Hays Consulting, LLC.",4580951700
"Busy Bee Media Group, LLC",8527932998
Simplexity Marketing Group,5907287200
Optimized 360,1100124149
"Compucast Web, Inc.",1066044886
EZSolution,8556067588
Revel Interactive,1371540194
Website Publicity,5413692062
FourFront LLC,4408416209
GoHealth Insurance,9511017043
Palm Small Business Marketing,9252995900
SiteFlood,2080117645
Redroc,9674696049
Golden Gate SEM,6909484798
CWR Digital,9372291290
"MosierData (Mosier Information Services, Inc.)",9698066200
"JH Specialty, Inc",9673929086
Knorr Marketing,5800773898
Clix Marketing,2077133960
99MediaLab,5340737888
HOME DEPOT,4933894694
ISADEX Corporation,7012082900
BKV Inc.,4392839576
Parqa,1130533149
Resoneight Media,9114940649
"Lewis Advertising, Inc.",1768845998
Techwood Consulting,8666296547
Smartz,5514192600
"Embrace Interactive, Inc.",1519453427
"Fourandhalf, Inc.",4675577547
Meyocks,3640375947
WebTek Interactive,9247489086
"SEO Advantage, Inc.",8156086397
Firepoint,6116410898
Aurorant Inc.,8286796392
Adbay,7679650994
Mind & Metrics,2158732782
Mainely SEO,2356452278
Overit,6034092398
Kai Studios Inc,5591650200
Inbound Horizons Inc.,9894619647
Internet Dzyns LLC,2606186247
SEO Inc,3094402241
Branded Innovation,4416281600
getmefriends,8444672580
CEA Marketing Group,4454391439
QuallsBenson,4012574349
Mobile Business Services Inc,1618232790
Marketing Provisions,9799510547
SEO Services Expert,5620068500
Power Marketing,5288867161
Shift Collaborative,6095526994
SEO Services Expert,5620068500
612Social,3266323027
Spark Foundry,8231434139
Pro Q Solutions,7226028725
Bright Cloud Marketing,7184628794
Tribeca Marketing Group,6207275694
The Deciding Factor,5909939890
"Page 1 Solutions, LLC",8506179049
Lead Horse,6308257594
Local Fresh,2342337698
Make it Loud,1410100186
Ad Machines,2235211582
First Tracks Marketing,2905691488
Market Mentors,6405433049
Market JD Inc,5589846749
"Mobiah, Inc.",2370071311
Crowley Webb,8747173800
SK+G,8739071984
Schiefer Media Inc,8750392019
Old Town Media,8021132098
Digimar - Digital Marketing,1887162588
Ty the Web Guy,5118268464
C1 Partners,4626088094
5 Kings Marketing,6864393798
"Nephila Marketing, Inc.",7856770296
Righteous Marketing,1847128249
Adept Marketing,6061873296
"The Florida Design Group, LLC",9384224139
Lift Division,2205073998
IWD Marketing,7812162549
DesignHouse 5,8059077385
Planet Central,8622182456
Kepler Group,2299841700
10TH DEGREE,6709511698
Textivia,8590144960
Trada Inc.,1173666549
Maxus US,3291734945
"3PRIME, LLC",8597549795
Apex Inc.,6824834200
BlueKey,8658124749
PerkinElmer,8523546839
Premium Web Services,5974440447
Sanctuary Marketing Group,6833063686
NAS Recruitment Innovation,7822279653
Macon Raine,8661885800
"Aletheia Interactive, LLC",5991454545
Haden Interactive,1792639823
DiscoverTec,6447291645
Conquest Marketing,2044672790
The Langley Group LLC.,9377502100
"Velocity Technologies, Inc.",6077863200
Resident360,2310949898
HDMZ,6798373500
Real Traffic Productions,3716217345
RKG,6953596998
"Stalker Advertising & Public Relations, LLC",4220966075
Mission Web Marketing,8612419044
SEOMike Consulting,2762729943
Bevelwise,9073633397
"Results Driven Marketing, LLC",9117097792
"DigitalMana, LLC",7006623371
Boom Visibility,2092227340
ThinkSEM,5409836441
AdEdge Online Marketing,5175479562
Quenzel Marketing Agency,8843415849
Ainsley & Co.,1420558688
excelerate Digital,1842246543
Idea Evolver,6707519107
NerdyMind Marketing,4170109139
"HSM, LLC",9115919449
"webSURGE, LLC",8391693492
O'Rourke Hospitality Marketing,3034892145
Webstract Marketing,2474557031
ImageWorks Creative,7001211127
Spotburner,8007066694
Willow St. Agency,3691031449
Ciniva Web Agency,6868921812
Milestone Internet Marketing,1347178949
Union Street Media,6649364200
Technology Marketing Concepts,9048282949
Advanced Internet Management,1206187298
fine point,9307766145
"KPI Convert Digital Marketing, LLC",9271862625
"FORTHGEAR, INC",6373099549
The frank Agency,5901568549
Matson Consulting Group,2966605949
"Dreamscape Marketing, LLC",6981048792
"Resident Capture, LLC",7525097998
"SKAVATAR, LLC",8393792947
TechArk Solutions,2908274196
Gray Street Solutions,2953694300
Merchant Motion,8195493737
JEBCommerce,7572228874
StatBid,4153874298
RG Media Company,7881273396
Vertical Rail,1703212492
Search Marketing Group,7487541394
Golden Proportions Marketing,6327383441
Steel Branding,9825817098
Brand Driven Digital,2989941109
"Rhyme Digital, LLC",4047276829
"AMN Design, Inc.",6773952676
Parthenon Publishing,4708451988
Nettra Marketing,9432426494
Pro Impressions Marketing Group,9265081007
"Link Right Media, LLC",4055306772
The Infinity Group LLC,9731719898
Carmichael Lynch,1265604715
Globalsites - Website Design & Digital Marketing,7681454445
"Stardocs Media, LLC",4937127098
Unidev,3285224743
RobMark Web Advertising PR,5148749337
Solodev,2979671747
Barefoot Proximity,9212986149
Digital Marketing Group LLC,4614297100
"Pen Publishing Interactive, Inc.",5028993391
Big Storm,9705966582
Defero,1091384931
Growth Pilots,2132082942
15 Fingers,9221676191
Jonroc Web Design and Development,3920743047
Customer Finder Marketing,4152599494
Financial Marketing Solutions,1924480876
Wakefly,3730060509
Pole Position Marketing,2606032098
Imavex,4541589754
Masterminds,3595708621
Genuine,4535245995
"Cade & Associates Advertising, Inc.",9985439049
RicketyRoo Inc,2897365541
Vendi Advertising,6611620347
AMP Social LLC,6190660682
Today's Local Media,3107455745
Taikun,9759358941
Impulse Creative,4263922629
Meta Groove,5839992098
OZ Marketing,4113085290
"Secret Sushi, Inc",2391909427
Ride Marketing,5377940800
"4 Walls, Inc.",6187666594
Pinnacle Advertising & Marketing Group,4455394827
Southland Electrical Supply,5089743300
Mannix Marketing,5927367259
Gourmet Marketing,4670907678
Gerber Global Marketing Inc.,6437316396
Lightpost Digital,6365943433
dth Internet Marketing Corp.,2581399437
"Forward Vision Marketing, LLC",2829529498
Project World Impact,7207657547
GS&F,5685747400
Click Sluice,9871732749
BlackTruck Media + Marketing,8706987203
"Corey Consulting, LLC.",3071173945
Eduvantis LLC,6296962147
Social Fire Media,3104743476
Flow Simple,8846198100
The Energy Grid,2359246823
Vector Media Group,5818460389
Juan Blohm Consulting,3990820400
Gavin Advertising,5085653145
itr8group,3166920447
Concept Envy Creative,3102656315
Hoffmann Murtaugh Advertising,3710227278
SEO My Business,4709784480
Benedict Advertising & Marketing,7318427447
Seapoint Digital,7193719813
Harp Interactive,1248354192
Law Father,1968547682
InfoTrust LLC,7309276849
"RGB Internet Systems, Inc.",1083980096
TNT Dental,6774024549
wedÃ¼,5822634711
Web Full Circle,1084958896
Design Right 4 U,1583929396
Kensium Solutions,5409305903
M8,6031474699
Lyons Consulting Group,5350655449
Hearst DMS,5205123490
Skynet Solutions Inc,4094265850
Reach Digital,4651652270
Herman Advertising,9178365945
Sound Communications Inc.,1866348666
WalkerTek Interactive Marketing,8465048643
Etna Interactive,8503088500
NYC SEM,1879213030
Softline Solutions,5867277449
Cuker,9488471543
Take Over Your World,3224297988
Reingold,7511372101
Foxtail Marketing,1096490768
Digital Third Coast,7173391035
Dragonfly Media,9944804190
"MediaTrax, LLC",4093782597
PivNet,2148142828
Logical Position,7553573986
Five Mill,9956196098
Chacka Marketing,1348157749
"iAnalyst, Inc",9910621845
Youtech & Associates,5551607349
INTO,1902690045
Northern Lights Direct,4723144391
eAccountable,2232016060
Metric Theory,4325120800
AdVenture Media Group,5956480649
Market My Market,2069459600
Team Velocity Marketing,5161541828
Mobile Marketing LLC.,2105741400
Flame Tree Marketing,9281601449
BizIQ - Smart Local Marketing,4166477649
Web Talent Marketing,9459228592
Exults,2107402996
Dealer.com,5854672207
Stillwater Agency,6527214686
RP2 LTD,5588148271
Metric Digital,1361908234
Netsertive,8334480503
Synapse Marketing Solutions,3229687535
Big Oak Inc,7309147288
Primax Studio,4589948149
Chatter Buzz,5888714588
Connection Model,6984172441
Treehouse Internet Group,2376345088
Infogroup,1546609217
GlynnDevins,6074478538
Cordillera Digital,3908810198
Performance Sales,2286658635
"Portent, Inc.",1991268137
Interact Marketing,4282425259
Memory4Less,8277503939
Adtaxi,6641050547
The Mecham Company,3176766135
DialogTech,2834705317
Leverage Marketing,3936990182
RepEquity,4041192192
Links Web Design,4160923550
Lead PPC,1202154831
Solve,9557866100
"First Scribe, Inc.",9017140086
MWI Digital,3684971400
MMI Agency,3143396147
Fat Atom,3953592900
McKay Advertising + Activation,7723938149
S4 Marketing,7380369884
TetonSearch,1875063296
Adit,5937521245
Apollidon Learning,8231871998
Apartments247.com,6919910200
DaBrian Marketing Group,4599993380
Adfinitely,9234719292
Cardinal Path,1967390145
Add3,8488560649
WebArt,1933220094
Visual Data Systems,4627951124
"Peppermonkey Media, LLC",4860340000
Tropic Survival,4250599600
ClickMonster,7957764490
Locallogy,2912859898
"Deploy Marketing, LLC",9473295887
archer malmo,2058692800
"TheSiteCrew.com / Sandy Meier .com, LLC",3491623878
Paragon Digital Marketing,7796715477
Media Genesis,6137492454
HenkinSchultz,1414143056
Blue Fountain Media,9147165394
Workshop Digital,6855738747
Universally Found,8698687735
IQS Directory,7394081596
Marketing Partnerships International,3564625337
Word-Centered Solutions,9904278086
Be Found Interactive,7191468100
Neon Ambition,3586959000
"Yodle, Inc.",8764989852
Performance Media Marketing,2918531264
"CyberMark International, Inc.",3071657198
Ignite Local,8256079094
Digital Stairway,6737117641
What to Do Media,7620515396
Deluxe Corporation,9462730521
Bassett Creek Technologies,8330896298
JurisPage,5479913794
"JMH Consulting, Inc.",7444007017
Rainmaker Internet Marketing,8639044296
Chris Schaeffer Internet Marketing,1874555455
Partners Creative,1878236121
Elite Online Media,6361166700
Granular,6451418682
The Digital Hyve,4494730294
Flying Cork Media,5011860135
Randall-Reilly,1259308241
Mint Social,3447924949
Room 214,9747072400
Wodu Media,1701055349
Walker Sands Digital,3852810543
Denver PPC - The Great Online,5824804148
Elite Internet Technologies,9139630998
Stray Dog Communications LLC,2950912049
WEO Media,5119564074
Frazer Consultants,1228909644
Ideal Positions,2643304992
SwellShark,2125504649
HLK,4551895998
Moxie Marketing Agency LLC,3229475698
"SolutionBuilt, Inc.",8014080955
LosTepe,1050976094
Group Twenty Seven,2876777641
Location3 Media Inc.,8186213578
Smarter Searches,2985589941
Reputation.com Inc.,1281536931
Direct Agents Inc.,9902425459
Global SEM Partners,5109531137
acKnowledge Digital Marketing,1922206466
AdsUpNow,7741955635
Aptera Inc,3626485498
Forthea LLC,3508615279
Hop Online,3415616037
NuSpark Marketing,1480706186
Volusion,8980350445
HZDG,4611313415
Adcom,3473123139
Inflow,3708894786
Blue Ion,8655871145
QuanticMind,2255846767
Big Tree Marketing,4690600945
Doco Marketing LLC,3913066796
CPC Search,5616153300
Get Found First,4563781562
Mindgruve,9290468337
Kovel / Fuller,1449106549
Your Practice Online,4720209882
Fundamental Media,4437365047
Search Titans,4863134545
Reprise Media Corporation,8423011310
MKG Marketing Inc,2090541156
Search Influence,8954432577
ONE400,9348553262
Media Two Interactive,7183107162
Classy Llama,2971345800
Pronto,9951314392
WebShark360,1551221398
Intuitive Digital,9131235069
Captiva Marketing,6034799782
Chair 10 Marketing,7571461911
Reaction Concepts LLC,7841405500
ChannelAdvisor,4092001843
Galos Tech Inc.,8415075937
Nina Hale,1762724479
"Searchlight Solutions, Inc.",9553963194
"Spinutech, Inc.",9540401849
"BIG YAM, The Parsons Agency",7143936247
MGDigital,2295926500
Ackmann & Dickenson,2058209547
Better PPC,6434250435
Found Search Marketing,9070921128
Longtail Marketing,2332175200
SLAM! Agency,9151292431
Epic Marketing,7870802600
Lin Digital,6561209782
Bellinger Marketing,3865263527
Foreman-Murray Digital,9723218996
Crescendo,5528424447
Syndicate Strategies,4400104447
"Deep Field, Inc.",2931714329
Avalaunch Media,2994952376
ymarketing,5274705296
SEMGEEKS,6525882194
Qiigo Inc,7167754660
Fathom,8259391883
Closed Loop,9364660433
BrandRep,8339763186
TheeDesign,8157737590
"HS2 Solutions, Inc",3980041306
Motoza,8341663098
Vincodo,8125864646
Radiant PPC,2810969180
Full Scale SEO,4425090800
AFS Inc,2023400203
Smart Age Solutions,4682628690
Noble Studios,6881703900
Finn Partners,3211256778
House of Kaizen,8698179894
Brand Value Accelerator,2447423938
Southwest Media Group,9988221300
Corelead Interactive,1763172741
Essence,8469387517
Yael Consulting,7022553696
Dallas Media,1135285294
DigiShopGirl Media,4790108498
Optymizer,6719523829
Rachel Black Search Engine Marketing,4739452996
"Speroteck, Inc",9330453500
DemandJump,7371702539
AdNabu,3248813382
"Suken Shah, Digital Strategist",3215996629
KRT Marketing,3894481890
gyro,2342031291
"SmartBug Media, Inc.",4091956449
rQuadrant,4236225898
Habanero Studios,9074106247
"Trademark Productions, Inc.",1944361392
Shift Digital,7407135100
Thrive Internet Marketing,4474637941
"Glacial Multimedia, Inc",8076564333
85sixty,6093557100
POP Creative,1841905145
"Regal Ad Management, LLC.",6714218449
Searchbloom,2047751045
Kuno Creative,9318331511
SmartSearch Marketing,2329779741
Tambourine,6615568647
"Internet Marketing, Inc.",8182711649
CBC Automotive Marketing,5805242333
CACI Integrated Communications,4643576933
Dillard's,7687469100
"Gamma Partners, LLC",5664180700
Magnitude Digital,3173313382
Ansira,8427588500
Wiley Education Services,9876472600
Vissina LLC,4316290794
Cendyn,1797025982
crealytics GmbH,2210626206
R&R Partners,5486870367
redtag.digital,3876784996
Ribbow Media Group,3600178947
Jaystone Marketing,2247948276
Canvas Worldwide,7466908100
JL Media,9223281990
Reunion Marketing,2902072292
J&L Marketing,8013906000
NETPEAK,6877175886
Look Listen,1439084015
Agency Within,1599094649
Immersion Active,1986353331
Varsity Tutors,2982974133
VIOX DIGITAL,4486124419
Seequs,6684492245
GREYSCALE,5858589298
Clever Ecommerce,4727224143
MuteSix,8936534249
KEA Advertising,9292592380
Oxbird,6479296041
Alt Media Studios,6715197249
"Just Media, Inc.",9359778727
Knucklepuck,4829647290
B2S MARKETING,9510817500
Harmelin Media,9380897165
MultiView Inc.,9971702749
Dealer Teamwork - Automotive Marketing,2058375990
altimaÂ° us,2847133713
Blue Tangerine,2257709797
Over The Top SEO,3773644062
Catalyst.,9965984098
Versa Creative Group,5381372747
SmartSites,5087479293
CouponToPay,2216182196
Ignite Visibility,8824810137
2060 Digital,2313744443
Wunderman North America,7180184947
New Epoch Software,9915561239
"Lawfty, LLC.",2961240990
WebpageFX,4087969376
Finch - Profit Driven Advertising,9041949593
InvisiblePPC,7561875345
1SEO.com,6921417647
LA SEO Service,9348071900
DAC Group,1575580752
Dan Jordan PPC,5416500792
Invelity,3818864623
Internet Ad Pro,5232022049
Sociaro,1565831525
Arrow Electronics,6018268937
Kaleidico Digital Marketing,3482615135
BRAINTRUST,1393285631
Webcom Group,6807947772
LightStream,8385433900
DAC Group/London,4840116195
Polaris Industries - Interactive,8437800174
Ad Shaker,8560453747
Digital Logic,5078118749
Results Matter Corp.,7992917123
RevolutionParts,1155202692
Red Rock Interactive,1607936949
Magnifi Online,3435436974
MovÃ©o Integrated Branding,1971601349
Chesnok-Perez LLC,9076547100
NinjaCat,4019308682
CyberPublicity,1105912782
TriMark Digital,4417472237
Search Engine PPC,8700149788
Media Zoom Design LLC,6032101698
Infinity Marketing,9116260847
Kirvin Doak Communications,2164876998
Promodo,1444140676
The Engine Iceland,4808125984
Profit By Search,2470146284
Vizion Interactive,9912990825
NetSearch Digital Marketing,8386717216
esd and associates,5932956349
Spiderboost Communications LLC,9458473923
"SecureData, Inc.",8952890139
Bluespire Marketing,4427048400
MiWeb - Digital Marketing & Analytics,7689058823
Threshold/Carve,5631814100
Fusion92,5633226977
6S Marketing,8834123396
Revolution Messaging,5509960590
Aronson Advertising,2434290049
NewLeaf,1164836543
"FindLaw, a Thomson Reuters business",4168647086
Cronin,2705080986
UNION,8996328055
m5 Marketing Communications,1872422900
Pool Builder Lead Rocket,1425428100
LMO Advertising,3005164050
TIE Kinetix,7969888370
87AM,8416821700
Quakmedia,7274703930
&Barr,3598716894
"VIB Marketing Agency, LLC",3089308698
Mind Digital Group,4743734182
Groove,9655864315
Spot Color Marketing,9863951525
N2Q Consulting,6506227700
Fasturtle Digital,1615613200
iVET360,2343495235
"Orth Enterprises, LLC",2549799800
Digital Operative,1067377378
LoSasso Integrated Marketing,2920548443
Red Olive,8143174748
Pittsburgh Internet Consulting,4335992573
Falcon Digital Marketing,3942947149
RevLocal,7314512247
NordicClick Interactive,5457851547
Rclarity,5542610900
Manta Media MCC,3186979700
Multiplica,1490128200
"Lett Direct, Inc.",6719145549
Green Advertising,4451892898
Almost Illegal Ads,4130703690
Girard Media,9901129849
ChoiceLocal,7759362198
Doctor Genius,7663494647
"iPartnerMedia, Inc.",8234325145
Somark.io,4971264049
MI Digital Solution,5238719500
jones huyett Partners,3688403347
Pilot Media,2581269876
Silverback Advertising,5872479747
Campaignium,5434964649
Arcalea,3076563492
Flypaper,8682981541
Tightrope Interactive,7799758741
Element Marketing,3625165300
WEADU SEARCH ENGINE MARKETING AGENCY,5788686900
Hark,4754651349
Refined Impact,9248126488
ESM Digital,9499567447
Pepperjam,1526247339
CLC Agency LLC,7154715341
Apogee Results,5922839245
Digital AIM Media,1044079100
KeyMedia Solutions,1393283740
TMP WorldWide Advertising & Communications,2923367576
Web Experts Online,7542091290
Zebra Advertisement,6974538590
UCT LLC,2668645037
Distilled,5232904388
Greenhaus,2298320068
Wahl Media,4083184131
GemFind,4148638900
Clinks - Sponsored Links,3084638829
Imprezzio Marketing,8873000198
Golden Communications,5843222611
"Educational Marketing Group, Inc",5072400098
EmberTribe,5139623327
Kolau,1139496498
Radial Group,1167277396
Garfield Group,6253452358
Nittany Digital,8248793417
Katana Media,8175035398
Portlike,8867777094
Digital Zetta Marketing Consultants,5280390847
Partner Commerce,1244804978
SCORR Marketing,8285971741
"RDW Group, Inc.",5525313092
iFocus Marketing,8510094249
DeltaV Digital,4110469482
Borcz Dixon,9850684293
Lineberry Marketing Consultants,6698382694
"Marathon Consulting, LLC",9055899621
SEOM Interactive,2330713147
Online Empire Builder,3636119349
Jubilant,8505695796
Marin Software,9696073609
"Lake Effect Associates, LLC",1168739449
Profit Partner Solutions,6522417147
Singree,6102082590
Diamonds by Raymond Lee,1695986394
49ABOVE MARKETING GROUP,7067303298
MeringCarson,4779236725
Potratz Partners Advertising,7968813109
Performics,1739200179
Foghorn Labs,5621117282
Big Sea,4072347349
"Vital Intel, Inc.",3914682998
pgr media,7141308145
Martian martian,5327472547
The Automotive Marketing Group,7423774700
Frontier Marketing,7240048735
"MOB Media, Inc.",9808860688
SMDigital Partners,2757636400
SEO Consulting Experts,3332227949
"360Partners,LP",6244618570
Pizzazz Group,9860932849
Resite Online,2483861778
TalMarket,2401769300
Dealer Authority,3517543637
Affinitiv,3549402396
Charge Media Group,9218529845
Spindustry Digital,2257841249
360i,3271817547
Valor Marketing LLC,7449468437
"Off Belay, LLC",7548659180
Boe Creative,2814473000
Summit Digital Marketing,7659416786
PureDriven,5917075200
Psyberware,3666341100
BlueTreeDigital,5259673386
Resolution Media,1547623008
Imaginuity,2428474937
FRUITION,2250033546
FRED & Associates,7680321496
Sensis Inc,4663327888
Adduco Media,9389601392
Mediara,4164036796
ResortsandLodges.com,1792370298
"Go BIG Media, Inc",2945830800
Molio,8525788149
ADDM - Adam Dince Digital Marketing,2240531147
Creating Your Space,8135629949
Apogee Digital Media Partners,7502365249
Juhll Agency,2624686986
Commexis,8797594768
MEC Global,8638160066
Finalsite,6372782739
Evariant Inc.,7450576798
Rank & Grow Inc,9226876598
CPSolutions,3884802645
"Ad Results Media, LLC",8235303945
ICC,1973075696
BigTuna Interactive,9040487540
Hubshout,1097952821
MQ&C Advertising and Kristalytics,4981109737
"Connection Marketing, Inc.",5412314176
Instream One,5637014507
32 Points Marketing,1976094372
Balance Marketing Group,2822832047
Effective Spend,5564447125
effective world,9271247920
"Buckfire & Buckfire, P.C.",5806800847
ESV Digital,7303416343
Momentum Digital,9686441649
Fujo Analytics,4133993782
Wachae,5448030447
AutoRevo,5184490196
Einstein Medical,2288745796
West End Marketing + Media,9476493300
PPC Works,3726735426
i-Cherry,1192426410
Clarity Squared,1388675341
ConvergeDirect,7639439809
StickyLeads,6590053647
BackboneMedia,6003342000
BankBound,2068493094
WebSuited,9867996286
Papaya Internet,7693185860
INCORE Digital Agency,7835769125
Hispanic Market Advisors,6764590241
TrailerCentral | DealerTurbo | GolfCartManager,1133282300
VirtuosOnline,5561311182
Iterate Marketing,2926254800
CME Websites,7918712733
Tolen Studio Inc.,9300056794
OneClick Inc,8127953698
Brasco ///,2165713943
Level 11 Online Marketing,8341321700
Diginius,1870876680
JP Marketing,7678188941
One Up Digital,6965708584
Relevance Advisors,8234500100
Positionary,2940465841
Adaklu Digital,8257849445
Intrada Technologies,6382416590
Doohickey,7819663845
Hoglund Advertising & Analytics,5457181045
Indri Digital,7389294460
Local Clicks,2579538298
Activator Studios,7397809547
EMEREALD | Real Estate Digital Marketing,9894091000
Zipline Interactive,9406107649
Conversion Pipeline,8828227899
Rocket 55,1222966862
Butane Digital,9160126219
Alconost Inc.,6659857693
Content Alive,9669143841
Digital Media Pros,4311538649
EVERYMUNDO,1665939598
Neuger Communications Group,3919422849
GOA-TECH's Miami SEO & Web,1823274845
Trionia Incorporated,1746841439
New Why,6676532284
Chamoy Creative,3548873749
Blue Cherry Group,1358758106
Backspacegroup,8190612031
Image in a Box,7323167298
GotchaWorks,3784503541
VividFront,8863024949
DPFOC,6618457762
Red Door Interactive,5898478000
Bruker NanoSurfaces,3273116939
Jolly Good Media,1894838839
Zimmerman Advertising,6416940333
Ad House Advertising,5995215596
Positive Results Marketing Inc.,6028102331
mdg (Marketing Design Group),2259173741
Channel Fusion,7529167347
Izell Marketing Group,9741166500
Customer Bloom,2505699894
"Scott & Associates, Inc.",4635320968
Americom Marketing,2378103145
webShine,7919029543
Weberest,9146458010
Leverage Digital,3001875849
TrustWorkz,3936249698
MLCworks,2168154796
Simpleview Inc.,7369189813
AbelsonTaylor,8878531600
Vitae Foundation,9034546649
"Mark My Words Media, LLC",6957370343
Internet Infotech,2306880549
Websites Depot Inc.,6761795696
RD Thomas Advertising,5208993296
Olive Media Agency,3741028743
YV Analytics,5303643731
Optimum Clix,8304756190
Real Green Systems,8638869341
PaperStreet Web Design,2266013047
Hearts & Science,2585269243
Naked Lime Marketing,6483198947
INFLUX Marketing,8703711296
A-Train Marketing Communications,2226073278
Titan Web Agency,6710457398
Quiktech Solution LLC,3954750437
Perich,9474722949
Launchbrand,8113308580
Global Mind,7757838675
Whitespider Agency,6190261596
Blueswitch,7401027766
Park I.T. Solutions,2587837766
ReThinc Advertising,2115883092
Energyhill,1867528900
Moore Communications Group,2563206996
Aduniverse360,7872431096
Hot Coffey Design,5963178100
Big Corner Creative,3452973098
Nuclear Networking,3797698900
3dcart,5895989862
Red Ventures,5465751929
Hook & Blade,1220044647
The Savvy Group,2533692629
Peter Mayer Advertising,2207702100
AIM Dental Marketing,4263665398
Infinity Digital Agency,9227668149
Netmark,4745017498
"Christensen-Charpentier, LLC",2141093576
SEO Brand,3831539847
IRONCLAD Marketing,1390666041
Grue & Bleen,3563967129
Icoz - Full Commerce,2962207496
Elevation Advertising,5612205000
Dallas McLaughlin,5368201976
Clutch Search Engine Marketing,9616693400
Mammoth Marketing,8258674096
Millermore,3163478097
PixelMEDIA Inc.,4412720092
UPSURGE MARKETING,4402781725
Advertising Partners,5782651439
Provis Media Group,1459316332
Osprey Strategic Research,4995000186
Graham Group,6207571698
A Second Opinion,3216576343
Diaz & Cooper Advertising,5989628397
Get You Found Online Marketing,4765288588
Torchlight Technology Group,1467111741
GodwinGroup,4805286045
"AJH Creative & Design, Inc",2052998737
Digital Edge,5252797198
Harben Marketing,9472944086
Concentrix,7496066884
vSocialize,8812568990
Yung Digital Media India Pvt Ltd,8043644498
SMCpros,7130481766
Noble Communications,1613622500
Engenius,8123697100
Pinckney Marketing,4855129190
Jump 450 Media,2492292698
B King Digital,2529553298
TicketNetwork,8858225519
Deci Digital Marketing,7664923600
Fort Point Design LLC,1110111692
"Red2Green Digital, LLC.",4583888100
Video SEO Media,3052048098
Systems & Marketing Solutions Inc.,5663095036
Market Managers,8036001347
Web Gumption,9682372300
netEMBARK,5349039247
Kremsa Digital,4044706415
webbroi - Website Design and Marketing Agency,1888269058
214 Interactive,8683606649
Newbird LLC,3515810168
Mobvista International Technology Limited,1182358482
Riverworks Marketing Group,9796232749
Web Launch Local,9588242000
"MAXBURST, Inc.",5622544344
Marco Media,7893018996
Media Mix,8436597243
"On The Map, Inc.",4509070896
Koncius Digital Marketing,9019677400
KC Web Specialists,8405538547
Common People United,2924264100
"The Mac Groups, Inc.",4843371296
Resultics,7109928857
MS Consulting,2921669098
Challenge Accepted Inc.,8819066898
Kasasa,1711384290
Freestyle Creative,5425992788
WabHub,4824907439
Mission Disrupt,1416585800
Millennium Technology Resources,6431891858
360 Touch Advertising,7055524598
Bravado Creative,1442904645
Rizseo,7167273298
"KO Websites, Inc.",9916093668
McMahon Marketing,3085206249
Atlantis Digital Marketing,9056467041
Gupta Media,8845527598
Circa Interactive,3710453300
"Corporate Communications, Inc.",9561980843
Diray Media,2603899543
drinkcaffeine,2000455617
Simply Design,8553085794
Marketing Marvel,3097420917
Speak Creative,8119781900
VIA Studio,8010332198
Navitelia,2725623492
Search Marketing Wizards,2410327890
Netplus Marketing,2810923786
Mbuy,3227363949
Glendale Designs,6999749074
Viral Solutions,4927493247
K2 Analytics Inc,6430431696
Chow-Bryant,6932834143
Funnelbox Inc.,9180006735
Noticestry,6520305398
Zora Digital,6625734927
19 IDEAS,2804226335
Digital Sources,2516345645
LocalClicks Pro,1828806247
ADsmith Marketing & Advertising,5837022598
"Deviate Labs, LLC",4575586741
Infusionsoft AdWords,7113527247
Agency19,3029656747
The Bonanno Group Digital Marketing,8181074641
Z Networks Group,8686966723
"Marketing Doctors International, Inc.",7473167692
The Checkmate Team,6038645000
Lamark Media Group,3878247049
Gitwit Creative,5306356000
Sprout Marketing Group,7261794172
Zift Solutions,9047585968
"Daruma Tech, LLC",6384549145
Liquid Spark,5767473892
"Search and Convert, Inc",3513416600
Tampa Creative,2756965898
ThomasBrunt.com,6041593694
"Web Designer Express, Miami Web Design Company",5200821498
Jast Media,1058794200
Digital Limelight Media,1423778798
Reign Creative Co.,4623472286
Hagan Associates,1391198470
The Modern Firm,5888656900
ReachLocal,9146009748
Americas Internet Marketing,2474686592
StringCan Interactive,4158706828
Brandtastic LLC,9000409698
Partners Marketing Group,1535077345
Maxi-Site,4253227702
Wish SEO,3806695349
TAG Communications,7527880249
"Hitchcock Fleming & Associates, Inc.",8936733792
Smart Ideas Inc,4519375249
Bluewater Marketing Group Inc,4336395441
Get Xperts,2756824043